eval_id,generation,accuracy,params,time_s,genotype_str
1,0,0.5400,52794,139.6,"[{'ch': 32, 'ly': 2, 'ks': 5, 'ct': 'standard', 'res': True}, {'ch': 24, 'ly': 1, 'ks': 3, 'ct': 'depthwise_separable', 'res': False}, {'ch': 24, 'ly': 2, 'ks': 3, 'ct': 'depthwise_separable', 'res': False}, {'ch': 32, 'ly': 1, 'ks': 5, 'ct': 'standard', 'res': False}, {'ch': 16, 'ly': 2, 'ks': 5, 'ct': 'depthwise_separable', 'res': False}]"
2,0,0.5070,53987,133.6,"[{'ch': 24, 'ly': 2, 'ks': 5, 'ct': 'depthwise_separable', 'res': False}, {'ch': 64, 'ly': 1, 'ks': 3, 'ct': 'depthwise_separable', 'res': False}, {'ch': 48, 'ly': 2, 'ks': 3, 'ct': 'depthwise_separable', 'res': False}, {'ch': 32, 'ly': 1, 'ks': 5, 'ct': 'standard', 'res': False}, {'ch': 32, 'ly': 2, 'ks': 5, 'ct': 'depthwise_separable', 'res': True}]"
3,0,0.5406,58251,136.3,"[{'ch': 48, 'ly': 1, 'ks': 5, 'ct': 'depthwise_separable', 'res': False}, {'ch': 32, 'ly': 2, 'ks': 3, 'ct': 'standard', 'res': False}, {'ch': 24, 'ly': 2, 'ks': 5, 'ct': 'standard', 'res': True}]"
4,0,0.5564,66843,137.1,"[{'ch': 48, 'ly': 1, 'ks': 3, 'ct': 'depthwise_separable', 'res': True}, {'ch': 32, 'ly': 1, 'ks': 5, 'ct': 'standard', 'res': True}, {'ch': 48, 'ly': 1, 'ks': 3, 'ct': 'standard', 'res': True}, {'ch': 32, 'ly': 2, 'ks': 5, 'ct': 'depthwise_separable', 'res': False}, {'ch': 64, 'ly': 1, 'ks': 5, 'ct': 'depthwise_separable', 'res': True}]"
5,0,0.5844,41330,132.7,"[{'ch': 32, 'ly': 1, 'ks': 5, 'ct': 'standard', 'res': False}, {'ch': 24, 'ly': 1, 'ks': 5, 'ct': 'standard', 'res': False}, {'ch': 24, 'ly': 1, 'ks': 5, 'ct': 'standard', 'res': False}, {'ch': 24, 'ly': 2, 'ks': 5, 'ct': 'depthwise_separable', 'res': True}, {'ch': 48, 'ly': 1, 'ks': 3, 'ct': 'depthwise_separable', 'res': False}]"
6,0,0.5654,41058,137.4,"[{'ch': 32, 'ly': 2, 'ks': 5, 'ct': 'standard', 'res': True}, {'ch': 24, 'ly': 2, 'ks': 3, 'ct': 'depthwise_separable', 'res': False}, {'ch': 24, 'ly': 2, 'ks': 3, 'ct': 'standard', 'res': False}]"
7,0,0.5952,46570,138.0,"[{'ch': 32, 'ly': 2, 'ks': 3, 'ct': 'standard', 'res': False}, {'ch': 32, 'ly': 1, 'ks': 5, 'ct': 'standard', 'res': False}, {'ch': 32, 'ly': 1, 'ks': 3, 'ct': 'standard', 'res': True}]"
8,0,0.6132,67931,139.0,"[{'ch': 48, 'ly': 1, 'ks': 3, 'ct': 'depthwise_separable', 'res': False}, {'ch': 32, 'ly': 2, 'ks': 3, 'ct': 'standard', 'res': False}, {'ch': 64, 'ly': 1, 'ks': 3, 'ct': 'standard', 'res': False}, {'ch': 32, 'ly': 1, 'ks': 5, 'ct': 'depthwise_separable', 'res': True}, {'ch': 16, 'ly': 2, 'ks': 5, 'ct': 'standard', 'res': True}]"
9,0,0.6282,71746,138.0,"[{'ch': 24, 'ly': 1, 'ks': 3, 'ct': 'standard', 'res': False}, {'ch': 48, 'ly': 1, 'ks': 5, 'ct': 'standard', 'res': False}, {'ch': 48, 'ly': 2, 'ks': 3, 'ct': 'standard', 'res': False}]"
10,0,0.6338,49802,139.6,"[{'ch': 32, 'ly': 2, 'ks': 3, 'ct': 'standard', 'res': True}, {'ch': 32, 'ly': 1, 'ks': 5, 'ct': 'depthwise_separable', 'res': False}, {'ch': 32, 'ly': 1, 'ks': 5, 'ct': 'standard', 'res': False}, {'ch': 64, 'ly': 2, 'ks': 5, 'ct': 'depthwise_separable', 'res': True}]"
11,0,0.6282,62498,138.6,"[{'ch': 24, 'ly': 1, 'ks': 5, 'ct': 'standard', 'res': False}, {'ch': 48, 'ly': 2, 'ks': 3, 'ct': 'standard', 'res': False}, {'ch': 48, 'ly': 2, 'ks': 3, 'ct': 'depthwise_separable', 'res': False}, {'ch': 32, 'ly': 2, 'ks': 3, 'ct': 'standard', 'res': False}]"
12,0,0.6082,66058,141.5,"[{'ch': 24, 'ly': 2, 'ks': 5, 'ct': 'standard', 'res': True}, {'ch': 24, 'ly': 1, 'ks': 5, 'ct': 'depthwise_separable', 'res': True}, {'ch': 48, 'ly': 2, 'ks': 5, 'ct': 'depthwise_separable', 'res': False}, {'ch': 48, 'ly': 2, 'ks': 3, 'ct': 'standard', 'res': False}]"
13,0,0.4410,52219,137.8,"[{'ch': 32, 'ly': 1, 'ks': 5, 'ct': 'depthwise_separable', 'res': False}, {'ch': 64, 'ly': 1, 'ks': 5, 'ct': 'standard', 'res': False}]"
14,0,0.6626,56787,139.7,"[{'ch': 24, 'ly': 2, 'ks': 3, 'ct': 'depthwise_separable', 'res': True}, {'ch': 32, 'ly': 2, 'ks': 5, 'ct': 'standard', 'res': False}, {'ch': 32, 'ly': 1, 'ks': 3, 'ct': 'standard', 'res': True}]"
15,0,0.6172,47611,139.1,"[{'ch': 64, 'ly': 2, 'ks': 3, 'ct': 'depthwise_separable', 'res': False}, {'ch': 32, 'ly': 2, 'ks': 3, 'ct': 'standard', 'res': True}, {'ch': 24, 'ly': 2, 'ks': 3, 'ct': 'standard', 'res': False}]"
16,0,0.6324,64826,123.6,"[{'ch': 24, 'ly': 1, 'ks': 3, 'ct': 'standard', 'res': True}, {'ch': 32, 'ly': 1, 'ks': 3, 'ct': 'standard', 'res': True}, {'ch': 64, 'ly': 2, 'ks': 3, 'ct': 'standard', 'res': False}]"
17,0,0.6288,62970,127.0,"[{'ch': 24, 'ly': 2, 'ks': 3, 'ct': 'standard', 'res': True}, {'ch': 32, 'ly': 2, 'ks': 5, 'ct': 'depthwise_separable', 'res': True}, {'ch': 24, 'ly': 2, 'ks': 5, 'ct': 'standard', 'res': False}, {'ch': 48, 'ly': 1, 'ks': 5, 'ct': 'depthwise_separable', 'res': True}, {'ch': 32, 'ly': 1, 'ks': 3, 'ct': 'standard', 'res': True}]"
18,0,0.5764,59810,124.8,"[{'ch': 24, 'ly': 1, 'ks': 5, 'ct': 'standard', 'res': True}, {'ch': 32, 'ly': 2, 'ks': 3, 'ct': 'depthwise_separable', 'res': False}, {'ch': 32, 'ly': 1, 'ks': 3, 'ct': 'depthwise_separable', 'res': False}, {'ch': 24, 'ly': 1, 'ks': 3, 'ct': 'standard', 'res': True}, {'ch': 32, 'ly': 2, 'ks': 5, 'ct': 'standard', 'res': True}]"
19,0,0.6134,49674,123.2,"[{'ch': 64, 'ly': 2, 'ks': 3, 'ct': 'standard', 'res': False}, {'ch': 64, 'ly': 1, 'ks': 5, 'ct': 'depthwise_separable', 'res': True}]"
20,0,0.6266,73306,124.0,"[{'ch': 24, 'ly': 2, 'ks': 3, 'ct': 'standard', 'res': True}, {'ch': 48, 'ly': 2, 'ks': 3, 'ct': 'standard', 'res': True}, {'ch': 24, 'ly': 1, 'ks': 3, 'ct': 'depthwise_separable', 'res': True}, {'ch': 48, 'ly': 2, 'ks': 3, 'ct': 'standard', 'res': False}]"
21,1,0.6340,67834,124.0,"[{'ch': 24, 'ly': 2, 'ks': 3, 'ct': 'standard', 'res': True}, {'ch': 24, 'ly': 1, 'ks': 5, 'ct': 'depthwise_separable', 'res': True}, {'ch': 24, 'ly': 2, 'ks': 5, 'ct': 'standard', 'res': False}, {'ch': 48, 'ly': 1, 'ks': 5, 'ct': 'depthwise_separable', 'res': False}, {'ch': 24, 'ly': 1, 'ks': 5, 'ct': 'standard', 'res': False}]"
22,1,0.6596,55035,124.0,"[{'ch': 24, 'ly': 2, 'ks': 3, 'ct': 'depthwise_separable', 'res': True}, {'ch': 32, 'ly': 1, 'ks': 5, 'ct': 'depthwise_separable', 'res': False}, {'ch': 32, 'ly': 2, 'ks': 5, 'ct': 'standard', 'res': False}, {'ch': 16, 'ly': 1, 'ks': 3, 'ct': 'depthwise_separable', 'res': False}]"
23,1,0.5914,49674,126.2,"[{'ch': 64, 'ly': 2, 'ks': 3, 'ct': 'standard', 'res': False}, {'ch': 64, 'ly': 1, 'ks': 5, 'ct': 'depthwise_separable', 'res': True}]"
24,1,0.5482,60731,126.0,"[{'ch': 32, 'ly': 2, 'ks': 5, 'ct': 'depthwise_separable', 'res': True}, {'ch': 64, 'ly': 2, 'ks': 3, 'ct': 'standard', 'res': True}]"
25,1,0.6102,47755,126.2,"[{'ch': 48, 'ly': 2, 'ks': 3, 'ct': 'depthwise_separable', 'res': False}, {'ch': 48, 'ly': 2, 'ks': 3, 'ct': 'standard', 'res': True}]"
26,1,0.6182,61498,122.0,"[{'ch': 32, 'ly': 1, 'ks': 3, 'ct': 'standard', 'res': True}, {'ch': 48, 'ly': 2, 'ks': 3, 'ct': 'standard', 'res': False}, {'ch': 32, 'ly': 2, 'ks': 5, 'ct': 'depthwise_separable', 'res': True}, {'ch': 64, 'ly': 1, 'ks': 3, 'ct': 'standard', 'res': False}]"
27,1,0.6242,45578,121.7,"[{'ch': 32, 'ly': 2, 'ks': 3, 'ct': 'standard', 'res': True}, {'ch': 48, 'ly': 2, 'ks': 3, 'ct': 'depthwise_separable', 'res': False}, {'ch': 24, 'ly': 1, 'ks': 5, 'ct': 'standard', 'res': True}]"
28,1,0.6466,81402,122.1,"[{'ch': 48, 'ly': 1, 'ks': 3, 'ct': 'standard', 'res': False}, {'ch': 48, 'ly': 2, 'ks': 3, 'ct': 'standard', 'res': True}, {'ch': 48, 'ly': 1, 'ks': 3, 'ct': 'standard', 'res': True}, {'ch': 24, 'ly': 1, 'ks': 5, 'ct': 'depthwise_separable', 'res': False}, {'ch': 16, 'ly': 1, 'ks': 5, 'ct': 'standard', 'res': True}]"
29,1,0.6060,41874,122.0,"[{'ch': 32, 'ly': 2, 'ks': 5, 'ct': 'standard', 'res': True}, {'ch': 24, 'ly': 2, 'ks': 3, 'ct': 'depthwise_separable', 'res': True}, {'ch': 24, 'ly': 2, 'ks': 3, 'ct': 'standard', 'res': False}]"
30,1,0.5958,45091,125.1,"[{'ch': 24, 'ly': 2, 'ks': 5, 'ct': 'depthwise_separable', 'res': False}, {'ch': 48, 'ly': 1, 'ks': 5, 'ct': 'standard', 'res': True}, {'ch': 48, 'ly': 2, 'ks': 3, 'ct': 'depthwise_separable', 'res': True}, {'ch': 24, 'ly': 2, 'ks': 5, 'ct': 'depthwise_separable', 'res': True}]"
31,1,0.5694,57618,126.9,"[{'ch': 32, 'ly': 2, 'ks': 5, 'ct': 'standard', 'res': True}, {'ch': 32, 'ly': 2, 'ks': 3, 'ct': 'depthwise_separable', 'res': False}, {'ch': 24, 'ly': 2, 'ks': 3, 'ct': 'depthwise_separable', 'res': False}, {'ch': 32, 'ly': 1, 'ks': 5, 'ct': 'standard', 'res': True}, {'ch': 32, 'ly': 2, 'ks': 3, 'ct': 'depthwise_separable', 'res': True}]"
32,1,0.6008,40426,120.9,"[{'ch': 24, 'ly': 2, 'ks': 3, 'ct': 'standard', 'res': True}, {'ch': 24, 'ly': 1, 'ks': 3, 'ct': 'standard', 'res': False}, {'ch': 24, 'ly': 2, 'ks': 5, 'ct': 'standard', 'res': False}]"
33,1,0.6332,42218,121.8,"[{'ch': 32, 'ly': 2, 'ks': 3, 'ct': 'standard', 'res': True}, {'ch': 32, 'ly': 1, 'ks': 5, 'ct': 'depthwise_separable', 'res': False}, {'ch': 32, 'ly': 1, 'ks': 5, 'ct': 'standard', 'res': False}, {'ch': 32, 'ly': 2, 'ks': 5, 'ct': 'depthwise_separable', 'res': False}]"
34,1,0.6388,62571,121.1,"[{'ch': 32, 'ly': 2, 'ks': 3, 'ct': 'depthwise_separable', 'res': False}, {'ch': 32, 'ly': 2, 'ks': 5, 'ct': 'standard', 'res': False}, {'ch': 32, 'ly': 1, 'ks': 3, 'ct': 'standard', 'res': False}]"
35,1,0.5992,55882,121.5,"[{'ch': 16, 'ly': 2, 'ks': 5, 'ct': 'standard', 'res': True}, {'ch': 64, 'ly': 2, 'ks': 3, 'ct': 'standard', 'res': True}]"
36,1,0.6476,78506,125.1,"[{'ch': 32, 'ly': 2, 'ks': 3, 'ct': 'standard', 'res': True}, {'ch': 32, 'ly': 2, 'ks': 5, 'ct': 'depthwise_separable', 'res': True}, {'ch': 32, 'ly': 2, 'ks': 5, 'ct': 'standard', 'res': False}, {'ch': 64, 'ly': 2, 'ks': 5, 'ct': 'depthwise_separable', 'res': True}]"
37,1,0.6276,52874,121.8,"[{'ch': 24, 'ly': 1, 'ks': 3, 'ct': 'standard', 'res': True}, {'ch': 48, 'ly': 2, 'ks': 3, 'ct': 'standard', 'res': True}, {'ch': 24, 'ly': 1, 'ks': 3, 'ct': 'depthwise_separable', 'res': True}, {'ch': 32, 'ly': 2, 'ks': 3, 'ct': 'standard', 'res': False}]"
38,1,0.6450,61707,122.5,"[{'ch': 64, 'ly': 1, 'ks': 5, 'ct': 'depthwise_separable', 'res': True}, {'ch': 24, 'ly': 1, 'ks': 5, 'ct': 'depthwise_separable', 'res': True}, {'ch': 64, 'ly': 2, 'ks': 3, 'ct': 'standard', 'res': False}, {'ch': 24, 'ly': 1, 'ks': 5, 'ct': 'depthwise_separable', 'res': True}]"
39,1,0.6232,63994,121.0,"[{'ch': 24, 'ly': 1, 'ks': 3, 'ct': 'standard', 'res': True}, {'ch': 32, 'ly': 1, 'ks': 3, 'ct': 'standard', 'res': False}, {'ch': 64, 'ly': 2, 'ks': 3, 'ct': 'standard', 'res': False}]"
40,1,0.5574,50627,124.1,"[{'ch': 24, 'ly': 2, 'ks': 3, 'ct': 'depthwise_separable', 'res': False}, {'ch': 64, 'ly': 1, 'ks': 3, 'ct': 'depthwise_separable', 'res': False}, {'ch': 48, 'ly': 1, 'ks': 3, 'ct': 'depthwise_separable', 'res': False}, {'ch': 32, 'ly': 1, 'ks': 5, 'ct': 'standard', 'res': False}, {'ch': 32, 'ly': 2, 'ks': 5, 'ct': 'depthwise_separable', 'res': True}]"
41,2,0.6574,68970,122.6,"[{'ch': 32, 'ly': 2, 'ks': 3, 'ct': 'standard', 'res': True}, {'ch': 32, 'ly': 1, 'ks': 5, 'ct': 'depthwise_separable', 'res': True}, {'ch': 32, 'ly': 2, 'ks': 5, 'ct': 'standard', 'res': False}, {'ch': 32, 'ly': 2, 'ks': 5, 'ct': 'depthwise_separable', 'res': False}]"
42,2,0.5822,69443,121.0,"[{'ch': 24, 'ly': 1, 'ks': 3, 'ct': 'depthwise_separable', 'res': False}, {'ch': 48, 'ly': 1, 'ks': 5, 'ct': 'standard', 'res': False}, {'ch': 32, 'ly': 1, 'ks': 5, 'ct': 'standard', 'res': True}]"
43,2,0.6460,80138,121.3,"[{'ch': 32, 'ly': 1, 'ks': 3, 'ct': 'standard', 'res': False}, {'ch': 24, 'ly': 2, 'ks': 5, 'ct': 'standard', 'res': False}, {'ch': 48, 'ly': 2, 'ks': 3, 'ct': 'standard', 'res': False}, {'ch': 32, 'ly': 1, 'ks': 3, 'ct': 'standard', 'res': False}]"
44,2,0.6196,64971,122.5,"[{'ch': 32, 'ly': 1, 'ks': 3, 'ct': 'depthwise_separable', 'res': True}, {'ch': 64, 'ly': 2, 'ks': 3, 'ct': 'standard', 'res': False}, {'ch': 48, 'ly': 2, 'ks': 3, 'ct': 'depthwise_separable', 'res': False}, {'ch': 16, 'ly': 1, 'ks': 5, 'ct': 'depthwise_separable', 'res': False}]"
45,2,0.5886,68411,121.9,"[{'ch': 48, 'ly': 1, 'ks': 3, 'ct': 'depthwise_separable', 'res': True}, {'ch': 24, 'ly': 1, 'ks': 3, 'ct': 'standard', 'res': False}, {'ch': 24, 'ly': 2, 'ks': 3, 'ct': 'standard', 'res': False}, {'ch': 64, 'ly': 1, 'ks': 3, 'ct': 'standard', 'res': True}, {'ch': 48, 'ly': 1, 'ks': 3, 'ct': 'standard', 'res': True}]"
46,2,0.6894,69435,122.0,"[{'ch': 64, 'ly': 2, 'ks': 3, 'ct': 'depthwise_separable', 'res': True}, {'ch': 32, 'ly': 2, 'ks': 3, 'ct': 'standard', 'res': True}, {'ch': 24, 'ly': 2, 'ks': 5, 'ct': 'standard', 'res': False}]"
47,2,0.5982,49450,122.2,"[{'ch': 32, 'ly': 2, 'ks': 3, 'ct': 'standard', 'res': False}, {'ch': 32, 'ly': 1, 'ks': 5, 'ct': 'standard', 'res': False}, {'ch': 32, 'ly': 1, 'ks': 3, 'ct': 'standard', 'res': True}, {'ch': 32, 'ly': 2, 'ks': 3, 'ct': 'depthwise_separable', 'res': False}]"
48,2,0.6064,68242,121.6,"[{'ch': 24, 'ly': 2, 'ks': 5, 'ct': 'standard', 'res': False}, {'ch': 48, 'ly': 1, 'ks': 3, 'ct': 'standard', 'res': True}, {'ch': 32, 'ly': 1, 'ks': 5, 'ct': 'standard', 'res': False}, {'ch': 32, 'ly': 1, 'ks': 3, 'ct': 'depthwise_separable', 'res': False}]"
49,2,0.5814,44138,121.5,"[{'ch': 24, 'ly': 1, 'ks': 5, 'ct': 'standard', 'res': False}, {'ch': 48, 'ly': 1, 'ks': 5, 'ct': 'depthwise_separable', 'res': False}, {'ch': 32, 'ly': 1, 'ks': 5, 'ct': 'standard', 'res': True}]"
50,2,0.5886,47466,128.6,"[{'ch': 32, 'ly': 2, 'ks': 5, 'ct': 'standard', 'res': False}, {'ch': 32, 'ly': 2, 'ks': 5, 'ct': 'depthwise_separable', 'res': True}, {'ch': 48, 'ly': 2, 'ks': 3, 'ct': 'depthwise_separable', 'res': True}, {'ch': 16, 'ly': 2, 'ks': 5, 'ct': 'depthwise_separable', 'res': True}, {'ch': 24, 'ly': 1, 'ks': 3, 'ct': 'standard', 'res': True}]"
51,2,0.6410,46962,123.4,"[{'ch': 24, 'ly': 2, 'ks': 3, 'ct': 'standard', 'res': True}, {'ch': 32, 'ly': 2, 'ks': 5, 'ct': 'depthwise_separable', 'res': False}, {'ch': 32, 'ly': 1, 'ks': 5, 'ct': 'standard', 'res': False}, {'ch': 64, 'ly': 2, 'ks': 5, 'ct': 'depthwise_separable', 'res': True}]"
52,2,0.5866,75394,121.7,"[{'ch': 48, 'ly': 2, 'ks': 5, 'ct': 'standard', 'res': True}, {'ch': 24, 'ly': 1, 'ks': 3, 'ct': 'standard', 'res': True}, {'ch': 24, 'ly': 1, 'ks': 5, 'ct': 'depthwise_separable', 'res': True}]"
53,2,0.6336,64978,124.0,"[{'ch': 24, 'ly': 2, 'ks': 5, 'ct': 'standard', 'res': False}, {'ch': 48, 'ly': 1, 'ks': 5, 'ct': 'standard', 'res': True}, {'ch': 48, 'ly': 2, 'ks': 3, 'ct': 'depthwise_separable', 'res': True}, {'ch': 48, 'ly': 2, 'ks': 5, 'ct': 'depthwise_separable', 'res': True}]"
54,2,0.5972,80395,122.3,"[{'ch': 16, 'ly': 1, 'ks': 5, 'ct': 'depthwise_separable', 'res': True}, {'ch': 48, 'ly': 2, 'ks': 5, 'ct': 'standard', 'res': True}, {'ch': 16, 'ly': 1, 'ks': 3, 'ct': 'depthwise_separable', 'res': True}]"
55,2,0.5362,52410,121.0,"[{'ch': 24, 'ly': 1, 'ks': 3, 'ct': 'standard', 'res': True}, {'ch': 64, 'ly': 2, 'ks': 3, 'ct': 'standard', 'res': False}]"
56,2,0.6382,75858,121.4,"[{'ch': 24, 'ly': 2, 'ks': 3, 'ct': 'standard', 'res': False}, {'ch': 64, 'ly': 1, 'ks': 5, 'ct': 'standard', 'res': False}, {'ch': 48, 'ly': 1, 'ks': 3, 'ct': 'standard', 'res': True}]"
57,2,0.5738,64170,121.7,"[{'ch': 32, 'ly': 2, 'ks': 3, 'ct': 'standard', 'res': True}, {'ch': 48, 'ly': 1, 'ks': 3, 'ct': 'standard', 'res': False}, {'ch': 32, 'ly': 1, 'ks': 5, 'ct': 'standard', 'res': False}, {'ch': 24, 'ly': 1, 'ks': 3, 'ct': 'depthwise_separable', 'res': False}]"
58,2,0.6148,53179,126.9,"[{'ch': 32, 'ly': 2, 'ks': 3, 'ct': 'depthwise_separable', 'res': False}, {'ch': 32, 'ly': 2, 'ks': 3, 'ct': 'depthwise_separable', 'res': False}, {'ch': 48, 'ly': 2, 'ks': 3, 'ct': 'standard', 'res': False}, {'ch': 64, 'ly': 2, 'ks': 3, 'ct': 'depthwise_separable', 'res': False}, {'ch': 32, 'ly': 1, 'ks': 3, 'ct': 'depthwise_separable', 'res': True}]"
59,2,0.6400,42083,123.1,"[{'ch': 32, 'ly': 2, 'ks': 3, 'ct': 'depthwise_separable', 'res': False}, {'ch': 48, 'ly': 2, 'ks': 3, 'ct': 'standard', 'res': True}, {'ch': 24, 'ly': 2, 'ks': 3, 'ct': 'depthwise_separable', 'res': True}]"
60,2,0.5334,44330,121.4,"[{'ch': 32, 'ly': 2, 'ks': 5, 'ct': 'standard', 'res': True}, {'ch': 48, 'ly': 1, 'ks': 3, 'ct': 'standard', 'res': True}]"
61,3,0.6516,56538,122.1,"[{'ch': 24, 'ly': 2, 'ks': 3, 'ct': 'standard', 'res': True}, {'ch': 24, 'ly': 1, 'ks': 3, 'ct': 'standard', 'res': False}, {'ch': 32, 'ly': 2, 'ks': 5, 'ct': 'standard', 'res': False}]"
62,3,0.6358,76554,123.7,"[{'ch': 32, 'ly': 2, 'ks': 3, 'ct': 'standard', 'res': True}, {'ch': 32, 'ly': 1, 'ks': 5, 'ct': 'depthwise_separable', 'res': True}, {'ch': 32, 'ly': 2, 'ks': 5, 'ct': 'standard', 'res': False}, {'ch': 64, 'ly': 2, 'ks': 5, 'ct': 'depthwise_separable', 'res': True}]"
63,3,0.5740,80171,122.6,"[{'ch': 16, 'ly': 1, 'ks': 3, 'ct': 'depthwise_separable', 'res': True}, {'ch': 16, 'ly': 1, 'ks': 3, 'ct': 'standard', 'res': True}, {'ch': 24, 'ly': 2, 'ks': 5, 'ct': 'standard', 'res': False}, {'ch': 64, 'ly': 2, 'ks': 3, 'ct': 'standard', 'res': True}]"
64,3,0.6520,56298,121.8,"[{'ch': 32, 'ly': 2, 'ks': 5, 'ct': 'standard', 'res': False}, {'ch': 32, 'ly': 2, 'ks': 3, 'ct': 'standard', 'res': False}, {'ch': 32, 'ly': 1, 'ks': 3, 'ct': 'standard', 'res': False}]"
65,3,0.6384,68251,122.4,"[{'ch': 24, 'ly': 2, 'ks': 3, 'ct': 'depthwise_separable', 'res': True}, {'ch': 48, 'ly': 1, 'ks': 5, 'ct': 'depthwise_separable', 'res': False}, {'ch': 32, 'ly': 2, 'ks': 5, 'ct': 'standard', 'res': False}, {'ch': 16, 'ly': 1, 'ks': 3, 'ct': 'depthwise_separable', 'res': False}]"
66,3,0.6370,49291,122.5,"[{'ch': 64, 'ly': 1, 'ks': 5, 'ct': 'depthwise_separable', 'res': True}, {'ch': 24, 'ly': 1, 'ks': 5, 'ct': 'depthwise_separable', 'res': True}, {'ch': 64, 'ly': 1, 'ks': 5, 'ct': 'standard', 'res': False}, {'ch': 24, 'ly': 1, 'ks': 5, 'ct': 'depthwise_separable', 'res': True}]"
67,3,0.6404,52338,121.3,"[{'ch': 24, 'ly': 1, 'ks': 5, 'ct': 'standard', 'res': False}, {'ch': 24, 'ly': 1, 'ks': 3, 'ct': 'standard', 'res': False}, {'ch': 32, 'ly': 2, 'ks': 5, 'ct': 'standard', 'res': False}]"
68,3,0.6002,41058,121.7,"[{'ch': 32, 'ly': 2, 'ks': 5, 'ct': 'standard', 'res': True}, {'ch': 24, 'ly': 2, 'ks': 3, 'ct': 'depthwise_separable', 'res': False}, {'ch': 24, 'ly': 2, 'ks': 3, 'ct': 'standard', 'res': False}]"
69,3,0.5408,55123,123.5,"[{'ch': 32, 'ly': 2, 'ks': 3, 'ct': 'depthwise_separable', 'res': False}, {'ch': 32, 'ly': 2, 'ks': 3, 'ct': 'standard', 'res': True}, {'ch': 24, 'ly': 2, 'ks': 3, 'ct': 'depthwise_separable', 'res': False}, {'ch': 48, 'ly': 2, 'ks': 3, 'ct': 'standard', 'res': False}]"
70,3,0.6500,47194,122.2,"[{'ch': 32, 'ly': 2, 'ks': 3, 'ct': 'standard', 'res': True}, {'ch': 32, 'ly': 2, 'ks': 3, 'ct': 'depthwise_separable', 'res': False}, {'ch': 24, 'ly': 2, 'ks': 5, 'ct': 'standard', 'res': False}]"
71,3,0.6438,42218,122.0,"[{'ch': 32, 'ly': 2, 'ks': 3, 'ct': 'standard', 'res': True}, {'ch': 32, 'ly': 1, 'ks': 5, 'ct': 'depthwise_separable', 'res': False}, {'ch': 32, 'ly': 1, 'ks': 5, 'ct': 'standard', 'res': False}, {'ch': 32, 'ly': 2, 'ks': 5, 'ct': 'depthwise_separable', 'res': False}]"
72,3,0.6184,70922,123.9,"[{'ch': 32, 'ly': 2, 'ks': 3, 'ct': 'standard', 'res': True}, {'ch': 32, 'ly': 2, 'ks': 5, 'ct': 'depthwise_separable', 'res': True}, {'ch': 32, 'ly': 2, 'ks': 5, 'ct': 'standard', 'res': False}, {'ch': 32, 'ly': 2, 'ks': 5, 'ct': 'depthwise_separable', 'res': False}]"
73,3,0.6102,65603,122.8,"[{'ch': 24, 'ly': 2, 'ks': 5, 'ct': 'depthwise_separable', 'res': True}, {'ch': 48, 'ly': 1, 'ks': 5, 'ct': 'standard', 'res': True}, {'ch': 32, 'ly': 2, 'ks': 3, 'ct': 'standard', 'res': False}, {'ch': 32, 'ly': 1, 'ks': 3, 'ct': 'standard', 'res': True}]"
74,3,0.5680,77986,123.9,"[{'ch': 32, 'ly': 1, 'ks': 5, 'ct': 'standard', 'res': False}, {'ch': 24, 'ly': 2, 'ks': 3, 'ct': 'depthwise_separable', 'res': False}, {'ch': 16, 'ly': 1, 'ks': 5, 'ct': 'standard', 'res': True}, {'ch': 64, 'ly': 2, 'ks': 5, 'ct': 'depthwise_separable', 'res': True}, {'ch': 24, 'ly': 2, 'ks': 5, 'ct': 'standard', 'res': True}]"
75,3,0.6288,61450,122.0,"[{'ch': 48, 'ly': 1, 'ks': 5, 'ct': 'standard', 'res': False}, {'ch': 32, 'ly': 2, 'ks': 3, 'ct': 'depthwise_separable', 'res': False}, {'ch': 32, 'ly': 2, 'ks': 5, 'ct': 'standard', 'res': True}, {'ch': 32, 'ly': 1, 'ks': 3, 'ct': 'depthwise_separable', 'res': False}]"
76,3,0.6454,51898,121.8,"[{'ch': 32, 'ly': 2, 'ks': 3, 'ct': 'standard', 'res': True}, {'ch': 16, 'ly': 2, 'ks': 5, 'ct': 'depthwise_separable', 'res': True}, {'ch': 32, 'ly': 2, 'ks': 5, 'ct': 'standard', 'res': False}]"
77,3,0.6470,75395,123.2,"[{'ch': 64, 'ly': 2, 'ks': 5, 'ct': 'depthwise_separable', 'res': False}, {'ch': 64, 'ly': 2, 'ks': 5, 'ct': 'depthwise_separable', 'res': False}, {'ch': 24, 'ly': 2, 'ks': 5, 'ct': 'standard', 'res': False}, {'ch': 64, 'ly': 1, 'ks': 3, 'ct': 'depthwise_separable', 'res': True}]"
78,3,0.5906,41874,121.9,"[{'ch': 32, 'ly': 2, 'ks': 5, 'ct': 'standard', 'res': True}, {'ch': 24, 'ly': 2, 'ks': 3, 'ct': 'depthwise_separable', 'res': True}, {'ch': 24, 'ly': 2, 'ks': 3, 'ct': 'standard', 'res': False}]"
79,3,0.6486,84250,122.1,"[{'ch': 32, 'ly': 2, 'ks': 3, 'ct': 'standard', 'res': True}, {'ch': 48, 'ly': 2, 'ks': 5, 'ct': 'depthwise_separable', 'res': True}, {'ch': 32, 'ly': 2, 'ks': 5, 'ct': 'standard', 'res': True}]"
80,3,0.6380,61162,122.8,"[{'ch': 32, 'ly': 1, 'ks': 3, 'ct': 'standard', 'res': True}, {'ch': 48, 'ly': 2, 'ks': 3, 'ct': 'depthwise_separable', 'res': False}, {'ch': 48, 'ly': 2, 'ks': 3, 'ct': 'standard', 'res': True}, {'ch': 64, 'ly': 2, 'ks': 5, 'ct': 'depthwise_separable', 'res': False}]"
81,4,0.5314,81915,127.5,"[{'ch': 16, 'ly': 2, 'ks': 5, 'ct': 'depthwise_separable', 'res': False}, {'ch': 48, 'ly': 2, 'ks': 5, 'ct': 'depthwise_separable', 'res': True}, {'ch': 48, 'ly': 2, 'ks': 5, 'ct': 'depthwise_separable', 'res': False}, {'ch': 48, 'ly': 2, 'ks': 3, 'ct': 'standard', 'res': True}, {'ch': 48, 'ly': 1, 'ks': 3, 'ct': 'standard', 'res': True}]"
82,4,0.6112,50627,122.3,"[{'ch': 24, 'ly': 2, 'ks': 5, 'ct': 'depthwise_separable', 'res': True}, {'ch': 32, 'ly': 2, 'ks': 5, 'ct': 'standard', 'res': False}, {'ch': 48, 'ly': 1, 'ks': 3, 'ct': 'depthwise_separable', 'res': True}]"
83,4,0.6152,59490,122.0,"[{'ch': 32, 'ly': 2, 'ks': 5, 'ct': 'standard', 'res': True}, {'ch': 24, 'ly': 2, 'ks': 3, 'ct': 'depthwise_separable', 'res': False}, {'ch': 24, 'ly': 2, 'ks': 5, 'ct': 'standard', 'res': False}]"
84,4,0.5576,56075,122.3,"[{'ch': 32, 'ly': 1, 'ks': 5, 'ct': 'depthwise_separable', 'res': True}, {'ch': 16, 'ly': 1, 'ks': 5, 'ct': 'standard', 'res': True}, {'ch': 48, 'ly': 1, 'ks': 3, 'ct': 'depthwise_separable', 'res': True}, {'ch': 32, 'ly': 1, 'ks': 5, 'ct': 'standard', 'res': True}]"
85,4,0.6238,75874,122.4,"[{'ch': 24, 'ly': 2, 'ks': 5, 'ct': 'standard', 'res': True}, {'ch': 16, 'ly': 2, 'ks': 5, 'ct': 'standard', 'res': True}, {'ch': 24, 'ly': 2, 'ks': 5, 'ct': 'depthwise_separable', 'res': False}, {'ch': 64, 'ly': 1, 'ks': 5, 'ct': 'standard', 'res': True}]"
86,4,0.5204,40651,121.3,"[{'ch': 24, 'ly': 2, 'ks': 5, 'ct': 'depthwise_separable', 'res': False}, {'ch': 64, 'ly': 1, 'ks': 5, 'ct': 'standard', 'res': False}]"
87,4,0.5460,49955,126.1,"[{'ch': 24, 'ly': 2, 'ks': 5, 'ct': 'depthwise_separable', 'res': False}, {'ch': 48, 'ly': 1, 'ks': 3, 'ct': 'depthwise_separable', 'res': True}, {'ch': 32, 'ly': 2, 'ks': 3, 'ct': 'depthwise_separable', 'res': True}, {'ch': 48, 'ly': 1, 'ks': 3, 'ct': 'standard', 'res': False}, {'ch': 16, 'ly': 2, 'ks': 5, 'ct': 'standard', 'res': True}]"
88,4,0.6062,47658,121.4,"[{'ch': 32, 'ly': 2, 'ks': 3, 'ct': 'standard', 'res': False}, {'ch': 32, 'ly': 2, 'ks': 3, 'ct': 'standard', 'res': False}, {'ch': 32, 'ly': 2, 'ks': 3, 'ct': 'standard', 'res': False}]"
89,4,0.6470,56538,120.9,"[{'ch': 24, 'ly': 2, 'ks': 3, 'ct': 'standard', 'res': True}, {'ch': 24, 'ly': 1, 'ks': 3, 'ct': 'standard', 'res': False}, {'ch': 32, 'ly': 2, 'ks': 5, 'ct': 'standard', 'res': False}]"
90,4,0.6710,81363,121.8,"[{'ch': 24, 'ly': 2, 'ks': 3, 'ct': 'depthwise_separable', 'res': True}, {'ch': 32, 'ly': 1, 'ks': 5, 'ct': 'standard', 'res': False}, {'ch': 32, 'ly': 1, 'ks': 3, 'ct': 'standard', 'res': False}, {'ch': 32, 'ly': 2, 'ks': 5, 'ct': 'standard', 'res': False}]"
91,4,0.5778,76850,122.2,"[{'ch': 48, 'ly': 2, 'ks': 5, 'ct': 'standard', 'res': False}, {'ch': 64, 'ly': 2, 'ks': 5, 'ct': 'depthwise_separable', 'res': False}, {'ch': 24, 'ly': 2, 'ks': 3, 'ct': 'depthwise_separable', 'res': True}]"
92,4,0.6378,59971,123.4,"[{'ch': 24, 'ly': 2, 'ks': 3, 'ct': 'depthwise_separable', 'res': False}, {'ch': 48, 'ly': 1, 'ks': 5, 'ct': 'standard', 'res': True}, {'ch': 32, 'ly': 2, 'ks': 3, 'ct': 'standard', 'res': True}, {'ch': 24, 'ly': 2, 'ks': 5, 'ct': 'depthwise_separable', 'res': True}]"
93,4,0.6590,73114,121.5,"[{'ch': 16, 'ly': 2, 'ks': 3, 'ct': 'standard', 'res': False}, {'ch': 48, 'ly': 2, 'ks': 5, 'ct': 'depthwise_separable', 'res': True}, {'ch': 32, 'ly': 2, 'ks': 5, 'ct': 'standard', 'res': False}]"
94,4,0.5808,41443,121.8,"[{'ch': 32, 'ly': 2, 'ks': 5, 'ct': 'depthwise_separable', 'res': False}, {'ch': 48, 'ly': 2, 'ks': 3, 'ct': 'standard', 'res': True}, {'ch': 24, 'ly': 2, 'ks': 3, 'ct': 'depthwise_separable', 'res': False}]"
95,4,0.5974,50595,124.5,"[{'ch': 24, 'ly': 2, 'ks': 5, 'ct': 'depthwise_separable', 'res': True}, {'ch': 24, 'ly': 2, 'ks': 5, 'ct': 'depthwise_separable', 'res': False}, {'ch': 32, 'ly': 2, 'ks': 5, 'ct': 'standard', 'res': False}, {'ch': 16, 'ly': 2, 'ks': 3, 'ct': 'depthwise_separable', 'res': False}]"
96,4,0.5736,41058,121.5,"[{'ch': 32, 'ly': 2, 'ks': 5, 'ct': 'standard', 'res': True}, {'ch': 24, 'ly': 2, 'ks': 3, 'ct': 'depthwise_separable', 'res': False}, {'ch': 24, 'ly': 2, 'ks': 3, 'ct': 'standard', 'res': False}]"
97,4,0.5888,42699,121.2,"[{'ch': 48, 'ly': 1, 'ks': 5, 'ct': 'depthwise_separable', 'res': False}, {'ch': 32, 'ly': 2, 'ks': 3, 'ct': 'standard', 'res': False}, {'ch': 64, 'ly': 1, 'ks': 3, 'ct': 'standard', 'res': False}]"
98,4,0.6300,79146,122.0,"[{'ch': 32, 'ly': 2, 'ks': 5, 'ct': 'standard', 'res': True}, {'ch': 16, 'ly': 2, 'ks': 3, 'ct': 'standard', 'res': False}, {'ch': 48, 'ly': 1, 'ks': 5, 'ct': 'standard', 'res': True}, {'ch': 48, 'ly': 1, 'ks': 3, 'ct': 'standard', 'res': True}]"
99,4,0.6602,67018,122.0,"[{'ch': 32, 'ly': 2, 'ks': 3, 'ct': 'standard', 'res': True}, {'ch': 32, 'ly': 2, 'ks': 5, 'ct': 'depthwise_separable', 'res': False}, {'ch': 32, 'ly': 2, 'ks': 5, 'ct': 'standard', 'res': True}]"
100,4,0.6362,45578,122.0,"[{'ch': 32, 'ly': 2, 'ks': 3, 'ct': 'standard', 'res': True}, {'ch': 48, 'ly': 2, 'ks': 3, 'ct': 'depthwise_separable', 'res': False}, {'ch': 24, 'ly': 1, 'ks': 5, 'ct': 'standard', 'res': True}]"
101,5,0.5932,50874,122.1,"[{'ch': 64, 'ly': 2, 'ks': 3, 'ct': 'standard', 'res': False}, {'ch': 16, 'ly': 2, 'ks': 5, 'ct': 'depthwise_separable', 'res': True}, {'ch': 16, 'ly': 1, 'ks': 3, 'ct': 'standard', 'res': True}, {'ch': 16, 'ly': 2, 'ks': 3, 'ct': 'standard', 'res': False}]"
102,5,0.6532,51178,121.5,"[{'ch': 32, 'ly': 2, 'ks': 3, 'ct': 'standard', 'res': True}, {'ch': 16, 'ly': 1, 'ks': 5, 'ct': 'depthwise_separable', 'res': True}, {'ch': 32, 'ly': 2, 'ks': 5, 'ct': 'standard', 'res': False}]"
103,5,0.6052,48466,121.7,"[{'ch': 48, 'ly': 1, 'ks': 5, 'ct': 'standard', 'res': True}, {'ch': 48, 'ly': 2, 'ks': 3, 'ct': 'standard', 'res': False}, {'ch': 24, 'ly': 2, 'ks': 3, 'ct': 'depthwise_separable', 'res': False}]"
104,5,0.6312,74874,122.1,"[{'ch': 32, 'ly': 2, 'ks': 3, 'ct': 'standard', 'res': True}, {'ch': 24, 'ly': 1, 'ks': 5, 'ct': 'standard', 'res': False}, {'ch': 32, 'ly': 2, 'ks': 5, 'ct': 'standard', 'res': False}]"
105,5,0.6552,42218,122.5,"[{'ch': 32, 'ly': 2, 'ks': 3, 'ct': 'standard', 'res': True}, {'ch': 32, 'ly': 1, 'ks': 5, 'ct': 'depthwise_separable', 'res': False}, {'ch': 32, 'ly': 1, 'ks': 5, 'ct': 'standard', 'res': False}, {'ch': 32, 'ly': 2, 'ks': 5, 'ct': 'depthwise_separable', 'res': False}]"
106,5,0.6122,77546,121.7,"[{'ch': 48, 'ly': 2, 'ks': 3, 'ct': 'standard', 'res': False}, {'ch': 64, 'ly': 1, 'ks': 3, 'ct': 'depthwise_separable', 'res': False}, {'ch': 32, 'ly': 1, 'ks': 5, 'ct': 'standard', 'res': False}]"
107,5,0.5884,48250,121.1,"[{'ch': 48, 'ly': 1, 'ks': 5, 'ct': 'standard', 'res': False}, {'ch': 48, 'ly': 2, 'ks': 3, 'ct': 'standard', 'res': True}]"
108,5,0.5760,41058,121.7,"[{'ch': 32, 'ly': 2, 'ks': 5, 'ct': 'standard', 'res': True}, {'ch': 24, 'ly': 2, 'ks': 3, 'ct': 'depthwise_separable', 'res': False}, {'ch': 24, 'ly': 2, 'ks': 3, 'ct': 'standard', 'res': False}]"
109,5,0.6066,46930,122.1,"[{'ch': 32, 'ly': 2, 'ks': 5, 'ct': 'standard', 'res': True}, {'ch': 24, 'ly': 2, 'ks': 3, 'ct': 'depthwise_separable', 'res': False}, {'ch': 32, 'ly': 2, 'ks': 3, 'ct': 'standard', 'res': False}]"
110,5,0.6716,82490,121.8,"[{'ch': 32, 'ly': 2, 'ks': 3, 'ct': 'standard', 'res': False}, {'ch': 48, 'ly': 2, 'ks': 5, 'ct': 'depthwise_separable', 'res': True}, {'ch': 32, 'ly': 2, 'ks': 5, 'ct': 'standard', 'res': False}]"
111,5,0.6558,45658,122.0,"[{'ch': 24, 'ly': 2, 'ks': 3, 'ct': 'standard', 'res': True}, {'ch': 24, 'ly': 2, 'ks': 3, 'ct': 'standard', 'res': False}, {'ch': 24, 'ly': 2, 'ks': 5, 'ct': 'standard', 'res': False}]"
112,5,0.4910,42315,121.6,"[{'ch': 24, 'ly': 2, 'ks': 5, 'ct': 'depthwise_separable', 'res': False}, {'ch': 64, 'ly': 1, 'ks': 5, 'ct': 'standard', 'res': True}]"
113,5,0.6006,42987,121.1,"[{'ch': 48, 'ly': 1, 'ks': 5, 'ct': 'depthwise_separable', 'res': True}, {'ch': 64, 'ly': 1, 'ks': 3, 'ct': 'depthwise_separable', 'res': False}, {'ch': 24, 'ly': 1, 'ks': 5, 'ct': 'standard', 'res': False}]"
114,5,0.6232,50794,121.1,"[{'ch': 24, 'ly': 2, 'ks': 5, 'ct': 'standard', 'res': True}, {'ch': 24, 'ly': 1, 'ks': 3, 'ct': 'standard', 'res': False}, {'ch': 24, 'ly': 2, 'ks': 5, 'ct': 'standard', 'res': False}]"
115,5,0.5922,47610,123.3,"[{'ch': 16, 'ly': 1, 'ks': 3, 'ct': 'standard', 'res': False}, {'ch': 48, 'ly': 2, 'ks': 5, 'ct': 'depthwise_separable', 'res': True}, {'ch': 16, 'ly': 2, 'ks': 3, 'ct': 'depthwise_separable', 'res': True}, {'ch': 48, 'ly': 1, 'ks': 5, 'ct': 'standard', 'res': False}, {'ch': 16, 'ly': 1, 'ks': 5, 'ct': 'standard', 'res': False}]"
116,5,0.6658,67018,122.3,"[{'ch': 32, 'ly': 2, 'ks': 3, 'ct': 'standard', 'res': True}, {'ch': 32, 'ly': 2, 'ks': 5, 'ct': 'depthwise_separable', 'res': False}, {'ch': 32, 'ly': 2, 'ks': 5, 'ct': 'standard', 'res': True}]"
117,5,0.6108,53898,121.3,"[{'ch': 32, 'ly': 2, 'ks': 5, 'ct': 'standard', 'res': False}, {'ch': 32, 'ly': 2, 'ks': 3, 'ct': 'standard', 'res': False}, {'ch': 24, 'ly': 1, 'ks': 3, 'ct': 'standard', 'res': False}]"
118,5,0.6866,73114,121.4,"[{'ch': 16, 'ly': 2, 'ks': 3, 'ct': 'standard', 'res': False}, {'ch': 48, 'ly': 2, 'ks': 5, 'ct': 'depthwise_separable', 'res': True}, {'ch': 32, 'ly': 2, 'ks': 5, 'ct': 'standard', 'res': False}]"
119,5,0.6410,40426,120.5,"[{'ch': 24, 'ly': 2, 'ks': 3, 'ct': 'standard', 'res': True}, {'ch': 24, 'ly': 1, 'ks': 3, 'ct': 'standard', 'res': False}, {'ch': 24, 'ly': 2, 'ks': 5, 'ct': 'standard', 'res': False}]"
120,5,0.5808,51898,122.4,"[{'ch': 32, 'ly': 2, 'ks': 3, 'ct': 'standard', 'res': True}, {'ch': 16, 'ly': 2, 'ks': 5, 'ct': 'depthwise_separable', 'res': True}, {'ch': 32, 'ly': 2, 'ks': 5, 'ct': 'standard', 'res': False}]"
121,6,0.6792,61578,121.9,"[{'ch': 32, 'ly': 2, 'ks': 3, 'ct': 'standard', 'res': False}, {'ch': 48, 'ly': 2, 'ks': 5, 'ct': 'depthwise_separable', 'res': True}, {'ch': 24, 'ly': 2, 'ks': 5, 'ct': 'standard', 'res': False}]"
122,6,0.5898,41058,121.7,"[{'ch': 32, 'ly': 2, 'ks': 5, 'ct': 'standard', 'res': True}, {'ch': 24, 'ly': 2, 'ks': 3, 'ct': 'depthwise_separable', 'res': False}, {'ch': 24, 'ly': 2, 'ks': 3, 'ct': 'standard', 'res': False}]"
123,6,0.6602,61547,122.4,"[{'ch': 48, 'ly': 2, 'ks': 3, 'ct': 'depthwise_separable', 'res': True}, {'ch': 32, 'ly': 2, 'ks': 5, 'ct': 'depthwise_separable', 'res': True}, {'ch': 32, 'ly': 2, 'ks': 5, 'ct': 'standard', 'res': False}]"
124,6,0.5902,40426,121.2,"[{'ch': 24, 'ly': 2, 'ks': 3, 'ct': 'standard', 'res': True}, {'ch': 24, 'ly': 1, 'ks': 3, 'ct': 'standard', 'res': False}, {'ch': 24, 'ly': 2, 'ks': 5, 'ct': 'standard', 'res': False}]"
125,6,0.5554,43291,126.3,"[{'ch': 64, 'ly': 1, 'ks': 5, 'ct': 'depthwise_separable', 'res': True}, {'ch': 32, 'ly': 2, 'ks': 3, 'ct': 'standard', 'res': True}, {'ch': 32, 'ly': 2, 'ks': 3, 'ct': 'depthwise_separable', 'res': True}, {'ch': 64, 'ly': 1, 'ks': 3, 'ct': 'depthwise_separable', 'res': True}, {'ch': 16, 'ly': 1, 'ks': 5, 'ct': 'depthwise_separable', 'res': True}]"
126,6,0.6944,80890,121.2,"[{'ch': 24, 'ly': 2, 'ks': 3, 'ct': 'standard', 'res': True}, {'ch': 48, 'ly': 2, 'ks': 3, 'ct': 'standard', 'res': False}, {'ch': 24, 'ly': 2, 'ks': 5, 'ct': 'standard', 'res': False}]"
127,6,0.6538,62226,122.3,"[{'ch': 24, 'ly': 2, 'ks': 3, 'ct': 'standard', 'res': True}, {'ch': 32, 'ly': 2, 'ks': 5, 'ct': 'depthwise_separable', 'res': False}, {'ch': 32, 'ly': 2, 'ks': 5, 'ct': 'standard', 'res': True}]"
128,6,0.5744,59531,121.1,"[{'ch': 16, 'ly': 2, 'ks': 3, 'ct': 'depthwise_separable', 'res': False}, {'ch': 48, 'ly': 1, 'ks': 5, 'ct': 'standard', 'res': True}, {'ch': 32, 'ly': 1, 'ks': 5, 'ct': 'standard', 'res': False}]"
129,6,0.6568,78570,121.0,"[{'ch': 32, 'ly': 2, 'ks': 5, 'ct': 'standard', 'res': True}, {'ch': 24, 'ly': 2, 'ks': 5, 'ct': 'standard', 'res': False}, {'ch': 32, 'ly': 2, 'ks': 3, 'ct': 'standard', 'res': False}]"
130,6,0.6726,45915,122.1,"[{'ch': 64, 'ly': 2, 'ks': 3, 'ct': 'depthwise_separable', 'res': True}, {'ch': 32, 'ly': 2, 'ks': 3, 'ct': 'depthwise_separable', 'res': True}, {'ch': 24, 'ly': 2, 'ks': 5, 'ct': 'standard', 'res': False}]"
131,6,0.6764,64906,121.3,"[{'ch': 32, 'ly': 2, 'ks': 3, 'ct': 'standard', 'res': True}, {'ch': 32, 'ly': 2, 'ks': 3, 'ct': 'depthwise_separable', 'res': False}, {'ch': 32, 'ly': 2, 'ks': 5, 'ct': 'standard', 'res': False}]"
132,6,0.6320,40426,120.7,"[{'ch': 24, 'ly': 2, 'ks': 3, 'ct': 'standard', 'res': True}, {'ch': 24, 'ly': 1, 'ks': 3, 'ct': 'standard', 'res': False}, {'ch': 24, 'ly': 2, 'ks': 5, 'ct': 'standard', 'res': False}]"
133,6,0.6866,63690,121.2,"[{'ch': 32, 'ly': 2, 'ks': 3, 'ct': 'standard', 'res': True}, {'ch': 32, 'ly': 2, 'ks': 3, 'ct': 'standard', 'res': False}, {'ch': 24, 'ly': 2, 'ks': 5, 'ct': 'standard', 'res': True}]"
134,6,0.6260,73114,121.4,"[{'ch': 16, 'ly': 2, 'ks': 3, 'ct': 'standard', 'res': False}, {'ch': 48, 'ly': 2, 'ks': 5, 'ct': 'depthwise_separable', 'res': True}, {'ch': 32, 'ly': 2, 'ks': 5, 'ct': 'standard', 'res': False}]"
135,6,0.6934,44075,122.3,"[{'ch': 32, 'ly': 2, 'ks': 3, 'ct': 'depthwise_separable', 'res': True}, {'ch': 64, 'ly': 2, 'ks': 5, 'ct': 'depthwise_separable', 'res': False}, {'ch': 16, 'ly': 2, 'ks': 5, 'ct': 'standard', 'res': True}]"
136,6,0.6920,57962,121.4,"[{'ch': 32, 'ly': 2, 'ks': 3, 'ct': 'standard', 'res': False}, {'ch': 24, 'ly': 1, 'ks': 5, 'ct': 'depthwise_separable', 'res': True}, {'ch': 32, 'ly': 2, 'ks': 5, 'ct': 'standard', 'res': False}]"
137,6,0.5780,81819,122.8,"[{'ch': 64, 'ly': 1, 'ks': 5, 'ct': 'depthwise_separable', 'res': False}, {'ch': 16, 'ly': 2, 'ks': 5, 'ct': 'standard', 'res': True}, {'ch': 48, 'ly': 1, 'ks': 3, 'ct': 'depthwise_separable', 'res': True}, {'ch': 64, 'ly': 1, 'ks': 5, 'ct': 'depthwise_separable', 'res': True}, {'ch': 24, 'ly': 1, 'ks': 5, 'ct': 'standard', 'res': False}]"
138,6,0.5298,45387,122.2,"[{'ch': 48, 'ly': 1, 'ks': 5, 'ct': 'depthwise_separable', 'res': True}, {'ch': 32, 'ly': 1, 'ks': 5, 'ct': 'standard', 'res': True}, {'ch': 32, 'ly': 1, 'ks': 3, 'ct': 'depthwise_separable', 'res': True}, {'ch': 24, 'ly': 1, 'ks': 3, 'ct': 'depthwise_separable', 'res': True}]"
139,6,0.6158,54730,121.2,"[{'ch': 32, 'ly': 1, 'ks': 3, 'ct': 'standard', 'res': False}, {'ch': 32, 'ly': 2, 'ks': 5, 'ct': 'standard', 'res': False}, {'ch': 48, 'ly': 1, 'ks': 3, 'ct': 'depthwise_separable', 'res': False}]"
140,6,0.5716,40386,122.1,"[{'ch': 32, 'ly': 1, 'ks': 5, 'ct': 'standard', 'res': True}, {'ch': 24, 'ly': 2, 'ks': 5, 'ct': 'standard', 'res': True}, {'ch': 48, 'ly': 1, 'ks': 3, 'ct': 'depthwise_separable', 'res': True}]"
141,7,0.6654,77643,126.2,"[{'ch': 48, 'ly': 2, 'ks': 5, 'ct': 'depthwise_separable', 'res': True}, {'ch': 32, 'ly': 2, 'ks': 5, 'ct': 'standard', 'res': True}, {'ch': 32, 'ly': 1, 'ks': 5, 'ct': 'depthwise_separable', 'res': True}, {'ch': 48, 'ly': 1, 'ks': 5, 'ct': 'depthwise_separable', 'res': True}]"
142,7,0.6978,63979,122.9,"[{'ch': 32, 'ly': 2, 'ks': 3, 'ct': 'depthwise_separable', 'res': True}, {'ch': 64, 'ly': 2, 'ks': 3, 'ct': 'depthwise_separable', 'res': False}, {'ch': 24, 'ly': 2, 'ks': 5, 'ct': 'standard', 'res': True}]"
143,7,0.6520,51706,121.7,"[{'ch': 32, 'ly': 2, 'ks': 3, 'ct': 'standard', 'res': True}, {'ch': 24, 'ly': 2, 'ks': 3, 'ct': 'standard', 'res': False}, {'ch': 24, 'ly': 2, 'ks': 5, 'ct': 'standard', 'res': False}]"
144,7,0.6642,57450,128.1,"[{'ch': 32, 'ly': 2, 'ks': 3, 'ct': 'standard', 'res': False}, {'ch': 24, 'ly': 1, 'ks': 3, 'ct': 'depthwise_separable', 'res': True}, {'ch': 32, 'ly': 2, 'ks': 5, 'ct': 'standard', 'res': False}]"
145,7,0.6194,61578,122.3,"[{'ch': 32, 'ly': 2, 'ks': 3, 'ct': 'standard', 'res': False}, {'ch': 48, 'ly': 2, 'ks': 5, 'ct': 'depthwise_separable', 'res': True}, {'ch': 24, 'ly': 2, 'ks': 5, 'ct': 'standard', 'res': False}]"
146,7,0.6684,80890,121.2,"[{'ch': 24, 'ly': 2, 'ks': 3, 'ct': 'standard', 'res': True}, {'ch': 48, 'ly': 2, 'ks': 3, 'ct': 'standard', 'res': False}, {'ch': 24, 'ly': 2, 'ks': 5, 'ct': 'standard', 'res': False}]"
147,7,0.6626,65754,120.5,"[{'ch': 24, 'ly': 2, 'ks': 3, 'ct': 'standard', 'res': True}, {'ch': 24, 'ly': 1, 'ks': 5, 'ct': 'standard', 'res': False}, {'ch': 32, 'ly': 2, 'ks': 5, 'ct': 'standard', 'res': False}]"
148,7,0.5364,83835,123.1,"[{'ch': 24, 'ly': 1, 'ks': 5, 'ct': 'depthwise_separable', 'res': True}, {'ch': 16, 'ly': 1, 'ks': 3, 'ct': 'depthwise_separable', 'res': False}, {'ch': 24, 'ly': 2, 'ks': 5, 'ct': 'standard', 'res': False}, {'ch': 32, 'ly': 2, 'ks': 3, 'ct': 'depthwise_separable', 'res': False}, {'ch': 64, 'ly': 2, 'ks': 3, 'ct': 'standard', 'res': False}]"
149,7,0.6258,57235,121.5,"[{'ch': 24, 'ly': 2, 'ks': 3, 'ct': 'depthwise_separable', 'res': True}, {'ch': 32, 'ly': 2, 'ks': 3, 'ct': 'standard', 'res': True}, {'ch': 48, 'ly': 1, 'ks': 5, 'ct': 'standard', 'res': False}]"
150,7,0.6548,62602,121.4,"[{'ch': 32, 'ly': 2, 'ks': 3, 'ct': 'standard', 'res': True}, {'ch': 16, 'ly': 1, 'ks': 5, 'ct': 'standard', 'res': True}, {'ch': 32, 'ly': 2, 'ks': 5, 'ct': 'standard', 'res': False}]"
151,7,0.5750,55738,121.2,"[{'ch': 32, 'ly': 1, 'ks': 3, 'ct': 'standard', 'res': True}, {'ch': 32, 'ly': 2, 'ks': 5, 'ct': 'standard', 'res': True}, {'ch': 24, 'ly': 1, 'ks': 3, 'ct': 'depthwise_separable', 'res': True}]"
152,7,0.6596,47786,121.1,"[{'ch': 24, 'ly': 2, 'ks': 3, 'ct': 'standard', 'res': True}, {'ch': 32, 'ly': 1, 'ks': 3, 'ct': 'standard', 'res': False}, {'ch': 24, 'ly': 2, 'ks': 5, 'ct': 'standard', 'res': True}]"
153,7,0.6594,49642,120.8,"[{'ch': 24, 'ly': 2, 'ks': 3, 'ct': 'standard', 'res': True}, {'ch': 24, 'ly': 1, 'ks': 5, 'ct': 'standard', 'res': False}, {'ch': 24, 'ly': 2, 'ks': 5, 'ct': 'standard', 'res': False}]"
154,7,0.6766,57962,121.9,"[{'ch': 32, 'ly': 2, 'ks': 3, 'ct': 'standard', 'res': False}, {'ch': 24, 'ly': 1, 'ks': 5, 'ct': 'depthwise_separable', 'res': True}, {'ch': 32, 'ly': 2, 'ks': 5, 'ct': 'standard', 'res': False}]"
155,7,0.6098,40426,121.6,"[{'ch': 24, 'ly': 2, 'ks': 3, 'ct': 'standard', 'res': True}, {'ch': 24, 'ly': 1, 'ks': 3, 'ct': 'standard', 'res': False}, {'ch': 24, 'ly': 2, 'ks': 5, 'ct': 'standard', 'res': False}]"
156,7,0.6268,49266,122.2,"[{'ch': 32, 'ly': 2, 'ks': 3, 'ct': 'standard', 'res': True}, {'ch': 32, 'ly': 1, 'ks': 3, 'ct': 'depthwise_separable', 'res': False}, {'ch': 24, 'ly': 2, 'ks': 5, 'ct': 'standard', 'res': False}, {'ch': 32, 'ly': 2, 'ks': 5, 'ct': 'depthwise_separable', 'res': False}]"
157,7,0.6210,65515,122.6,"[{'ch': 32, 'ly': 2, 'ks': 3, 'ct': 'depthwise_separable', 'res': True}, {'ch': 64, 'ly': 2, 'ks': 5, 'ct': 'depthwise_separable', 'res': False}, {'ch': 24, 'ly': 2, 'ks': 5, 'ct': 'standard', 'res': True}]"
158,7,0.6014,62378,122.7,"[{'ch': 64, 'ly': 1, 'ks': 5, 'ct': 'standard', 'res': True}, {'ch': 24, 'ly': 2, 'ks': 5, 'ct': 'standard', 'res': True}, {'ch': 24, 'ly': 2, 'ks': 3, 'ct': 'depthwise_separable', 'res': True}]"
159,7,0.6482,56218,121.8,"[{'ch': 32, 'ly': 2, 'ks': 3, 'ct': 'standard', 'res': True}, {'ch': 24, 'ly': 2, 'ks': 5, 'ct': 'standard', 'res': True}, {'ch': 24, 'ly': 2, 'ks': 3, 'ct': 'standard', 'res': True}]"
160,7,0.5984,57363,125.0,"[{'ch': 24, 'ly': 1, 'ks': 5, 'ct': 'depthwise_separable', 'res': True}, {'ch': 64, 'ly': 2, 'ks': 3, 'ct': 'standard', 'res': False}, {'ch': 16, 'ly': 2, 'ks': 3, 'ct': 'depthwise_separable', 'res': True}, {'ch': 24, 'ly': 2, 'ks': 5, 'ct': 'depthwise_separable', 'res': True}]"
161,8,0.6358,47290,121.5,"[{'ch': 32, 'ly': 2, 'ks': 3, 'ct': 'standard', 'res': True}, {'ch': 24, 'ly': 1, 'ks': 3, 'ct': 'standard', 'res': True}, {'ch': 24, 'ly': 2, 'ks': 5, 'ct': 'standard', 'res': False}]"
162,8,0.6388,72490,121.5,"[{'ch': 32, 'ly': 1, 'ks': 5, 'ct': 'standard', 'res': True}, {'ch': 32, 'ly': 2, 'ks': 5, 'ct': 'standard', 'res': True}, {'ch': 32, 'ly': 1, 'ks': 5, 'ct': 'depthwise_separable', 'res': True}, {'ch': 48, 'ly': 1, 'ks': 3, 'ct': 'standard', 'res': False}]"
163,8,0.6784,58291,122.1,"[{'ch': 24, 'ly': 2, 'ks': 3, 'ct': 'depthwise_separable', 'res': True}, {'ch': 48, 'ly': 2, 'ks': 3, 'ct': 'standard', 'res': False}, {'ch': 16, 'ly': 2, 'ks': 5, 'ct': 'standard', 'res': False}]"
164,8,0.6408,60754,122.0,"[{'ch': 24, 'ly': 2, 'ks': 3, 'ct': 'standard', 'res': True}, {'ch': 32, 'ly': 1, 'ks': 3, 'ct': 'depthwise_separable', 'res': False}, {'ch': 32, 'ly': 2, 'ks': 5, 'ct': 'standard', 'res': False}, {'ch': 32, 'ly': 1, 'ks': 5, 'ct': 'depthwise_separable', 'res': False}]"
165,8,0.6470,60155,122.0,"[{'ch': 64, 'ly': 2, 'ks': 3, 'ct': 'depthwise_separable', 'res': True}, {'ch': 32, 'ly': 1, 'ks': 3, 'ct': 'standard', 'res': True}, {'ch': 24, 'ly': 2, 'ks': 5, 'ct': 'standard', 'res': False}]"
166,8,0.6622,63979,122.9,"[{'ch': 32, 'ly': 2, 'ks': 3, 'ct': 'depthwise_separable', 'res': True}, {'ch': 64, 'ly': 2, 'ks': 3, 'ct': 'depthwise_separable', 'res': False}, {'ch': 24, 'ly': 2, 'ks': 5, 'ct': 'standard', 'res': True}]"
167,8,0.6510,76003,121.8,"[{'ch': 24, 'ly': 2, 'ks': 3, 'ct': 'depthwise_separable', 'res': True}, {'ch': 48, 'ly': 2, 'ks': 3, 'ct': 'standard', 'res': False}, {'ch': 24, 'ly': 2, 'ks': 5, 'ct': 'standard', 'res': False}]"
168,8,0.6198,40426,121.7,"[{'ch': 24, 'ly': 2, 'ks': 3, 'ct': 'standard', 'res': True}, {'ch': 24, 'ly': 1, 'ks': 3, 'ct': 'standard', 'res': False}, {'ch': 24, 'ly': 2, 'ks': 5, 'ct': 'standard', 'res': False}]"
169,8,0.6650,62874,121.4,"[{'ch': 32, 'ly': 2, 'ks': 3, 'ct': 'standard', 'res': True}, {'ch': 32, 'ly': 2, 'ks': 3, 'ct': 'standard', 'res': False}, {'ch': 24, 'ly': 2, 'ks': 5, 'ct': 'standard', 'res': False}]"
170,8,0.5982,65994,121.9,"[{'ch': 32, 'ly': 2, 'ks': 3, 'ct': 'standard', 'res': True}, {'ch': 32, 'ly': 1, 'ks': 5, 'ct': 'standard', 'res': False}, {'ch': 32, 'ly': 1, 'ks': 5, 'ct': 'standard', 'res': True}, {'ch': 32, 'ly': 2, 'ks': 3, 'ct': 'depthwise_separable', 'res': False}]"
171,8,0.6568,52458,121.6,"[{'ch': 24, 'ly': 2, 'ks': 3, 'ct': 'standard', 'res': False}, {'ch': 24, 'ly': 1, 'ks': 5, 'ct': 'depthwise_separable', 'res': False}, {'ch': 32, 'ly': 2, 'ks': 5, 'ct': 'standard', 'res': False}]"
172,8,0.5964,62522,122.1,"[{'ch': 64, 'ly': 2, 'ks': 3, 'ct': 'standard', 'res': True}, {'ch': 32, 'ly': 1, 'ks': 3, 'ct': 'standard', 'res': True}, {'ch': 24, 'ly': 1, 'ks': 5, 'ct': 'depthwise_separable', 'res': True}]"
173,8,0.6550,69042,121.9,"[{'ch': 24, 'ly': 2, 'ks': 3, 'ct': 'standard', 'res': True}, {'ch': 64, 'ly': 2, 'ks': 5, 'ct': 'depthwise_separable', 'res': False}, {'ch': 24, 'ly': 2, 'ks': 5, 'ct': 'standard', 'res': True}]"
174,8,0.6332,68155,121.6,"[{'ch': 64, 'ly': 2, 'ks': 5, 'ct': 'depthwise_separable', 'res': False}, {'ch': 16, 'ly': 1, 'ks': 5, 'ct': 'depthwise_separable', 'res': False}, {'ch': 64, 'ly': 1, 'ks': 5, 'ct': 'standard', 'res': False}, {'ch': 16, 'ly': 2, 'ks': 5, 'ct': 'standard', 'res': True}]"
175,8,0.6604,45658,121.4,"[{'ch': 24, 'ly': 2, 'ks': 3, 'ct': 'standard', 'res': True}, {'ch': 24, 'ly': 2, 'ks': 3, 'ct': 'standard', 'res': False}, {'ch': 24, 'ly': 2, 'ks': 5, 'ct': 'standard', 'res': False}]"
176,8,0.6620,44075,122.1,"[{'ch': 32, 'ly': 2, 'ks': 3, 'ct': 'depthwise_separable', 'res': True}, {'ch': 64, 'ly': 2, 'ks': 5, 'ct': 'depthwise_separable', 'res': False}, {'ch': 16, 'ly': 2, 'ks': 5, 'ct': 'standard', 'res': True}]"
177,8,0.6946,80298,122.3,"[{'ch': 64, 'ly': 2, 'ks': 3, 'ct': 'standard', 'res': True}, {'ch': 32, 'ly': 2, 'ks': 3, 'ct': 'depthwise_separable', 'res': True}, {'ch': 24, 'ly': 2, 'ks': 5, 'ct': 'standard', 'res': True}]"
178,8,0.6356,40426,121.5,"[{'ch': 24, 'ly': 2, 'ks': 3, 'ct': 'standard', 'res': True}, {'ch': 24, 'ly': 1, 'ks': 3, 'ct': 'standard', 'res': False}, {'ch': 24, 'ly': 2, 'ks': 5, 'ct': 'standard', 'res': False}]"
179,8,0.5550,70459,121.4,"[{'ch': 32, 'ly': 1, 'ks': 5, 'ct': 'depthwise_separable', 'res': True}, {'ch': 64, 'ly': 1, 'ks': 5, 'ct': 'standard', 'res': False}, {'ch': 48, 'ly': 1, 'ks': 5, 'ct': 'depthwise_separable', 'res': True}, {'ch': 24, 'ly': 1, 'ks': 3, 'ct': 'standard', 'res': False}]"
180,8,0.6000,54155,121.7,"[{'ch': 32, 'ly': 1, 'ks': 5, 'ct': 'depthwise_separable', 'res': True}, {'ch': 24, 'ly': 2, 'ks': 3, 'ct': 'standard', 'res': True}, {'ch': 48, 'ly': 2, 'ks': 3, 'ct': 'standard', 'res': False}, {'ch': 16, 'ly': 2, 'ks': 3, 'ct': 'standard', 'res': False}]"
181,9,0.6498,78186,121.8,"[{'ch': 64, 'ly': 2, 'ks': 3, 'ct': 'standard', 'res': True}, {'ch': 32, 'ly': 2, 'ks': 3, 'ct': 'depthwise_separable', 'res': False}, {'ch': 24, 'ly': 2, 'ks': 5, 'ct': 'standard', 'res': True}]"
182,9,0.6700,82090,121.4,"[{'ch': 24, 'ly': 2, 'ks': 3, 'ct': 'standard', 'res': True}, {'ch': 48, 'ly': 2, 'ks': 3, 'ct': 'standard', 'res': False}, {'ch': 24, 'ly': 2, 'ks': 5, 'ct': 'standard', 'res': True}]"
183,9,0.5356,42411,121.1,"[{'ch': 24, 'ly': 1, 'ks': 5, 'ct': 'depthwise_separable', 'res': True}, {'ch': 64, 'ly': 1, 'ks': 5, 'ct': 'standard', 'res': False}, {'ch': 24, 'ly': 1, 'ks': 5, 'ct': 'depthwise_separable', 'res': False}]"
184,9,0.6630,60458,121.6,"[{'ch': 32, 'ly': 2, 'ks': 3, 'ct': 'standard', 'res': True}, {'ch': 48, 'ly': 2, 'ks': 3, 'ct': 'depthwise_separable', 'res': True}, {'ch': 24, 'ly': 2, 'ks': 5, 'ct': 'standard', 'res': False}]"
185,9,0.6762,44075,122.2,"[{'ch': 32, 'ly': 2, 'ks': 3, 'ct': 'depthwise_separable', 'res': True}, {'ch': 64, 'ly': 2, 'ks': 5, 'ct': 'depthwise_separable', 'res': False}, {'ch': 16, 'ly': 2, 'ks': 5, 'ct': 'standard', 'res': True}]"
186,9,0.6648,43803,121.6,"[{'ch': 64, 'ly': 2, 'ks': 3, 'ct': 'depthwise_separable', 'res': True}, {'ch': 32, 'ly': 2, 'ks': 3, 'ct': 'depthwise_separable', 'res': False}, {'ch': 24, 'ly': 2, 'ks': 5, 'ct': 'standard', 'res': False}]"
187,9,0.6540,74482,121.4,"[{'ch': 64, 'ly': 2, 'ks': 3, 'ct': 'standard', 'res': True}, {'ch': 24, 'ly': 2, 'ks': 5, 'ct': 'depthwise_separable', 'res': True}, {'ch': 24, 'ly': 2, 'ks': 5, 'ct': 'standard', 'res': False}]"
188,9,0.5906,63627,125.2,"[{'ch': 32, 'ly': 2, 'ks': 3, 'ct': 'depthwise_separable', 'res': True}, {'ch': 32, 'ly': 2, 'ks': 5, 'ct': 'depthwise_separable', 'res': True}, {'ch': 16, 'ly': 1, 'ks': 3, 'ct': 'depthwise_separable', 'res': False}, {'ch': 64, 'ly': 1, 'ks': 5, 'ct': 'standard', 'res': False}, {'ch': 32, 'ly': 2, 'ks': 3, 'ct': 'standard', 'res': True}]"
189,9,0.6554,66155,122.8,"[{'ch': 32, 'ly': 2, 'ks': 3, 'ct': 'depthwise_separable', 'res': True}, {'ch': 64, 'ly': 2, 'ks': 3, 'ct': 'depthwise_separable', 'res': True}, {'ch': 24, 'ly': 2, 'ks': 5, 'ct': 'standard', 'res': True}]"
190,9,0.6052,40426,121.3,"[{'ch': 24, 'ly': 2, 'ks': 3, 'ct': 'standard', 'res': True}, {'ch': 24, 'ly': 1, 'ks': 3, 'ct': 'standard', 'res': False}, {'ch': 24, 'ly': 2, 'ks': 5, 'ct': 'standard', 'res': False}]"
191,9,0.6502,80251,122.5,"[{'ch': 48, 'ly': 2, 'ks': 3, 'ct': 'depthwise_separable', 'res': False}, {'ch': 64, 'ly': 2, 'ks': 3, 'ct': 'standard', 'res': True}, {'ch': 48, 'ly': 2, 'ks': 5, 'ct': 'depthwise_separable', 'res': False}]"
192,9,0.6448,49522,121.1,"[{'ch': 24, 'ly': 2, 'ks': 3, 'ct': 'standard', 'res': False}, {'ch': 24, 'ly': 1, 'ks': 5, 'ct': 'standard', 'res': False}, {'ch': 24, 'ly': 2, 'ks': 5, 'ct': 'standard', 'res': False}]"
193,9,0.6290,45658,121.9,"[{'ch': 24, 'ly': 2, 'ks': 3, 'ct': 'standard', 'res': True}, {'ch': 24, 'ly': 2, 'ks': 3, 'ct': 'standard', 'res': False}, {'ch': 24, 'ly': 2, 'ks': 5, 'ct': 'standard', 'res': False}]"
194,9,0.6606,44075,122.5,"[{'ch': 32, 'ly': 2, 'ks': 3, 'ct': 'depthwise_separable', 'res': True}, {'ch': 64, 'ly': 2, 'ks': 5, 'ct': 'depthwise_separable', 'res': False}, {'ch': 16, 'ly': 2, 'ks': 5, 'ct': 'standard', 'res': True}]"
195,9,0.6356,41050,121.6,"[{'ch': 24, 'ly': 2, 'ks': 3, 'ct': 'standard', 'res': True}, {'ch': 24, 'ly': 1, 'ks': 3, 'ct': 'standard', 'res': True}, {'ch': 24, 'ly': 2, 'ks': 5, 'ct': 'standard', 'res': False}]"
196,9,0.6666,64906,121.7,"[{'ch': 32, 'ly': 2, 'ks': 3, 'ct': 'standard', 'res': False}, {'ch': 32, 'ly': 1, 'ks': 5, 'ct': 'depthwise_separable', 'res': True}, {'ch': 32, 'ly': 2, 'ks': 5, 'ct': 'standard', 'res': False}]"
197,9,0.5232,72075,122.9,"[{'ch': 16, 'ly': 1, 'ks': 5, 'ct': 'depthwise_separable', 'res': False}, {'ch': 32, 'ly': 1, 'ks': 5, 'ct': 'depthwise_separable', 'res': True}, {'ch': 48, 'ly': 2, 'ks': 3, 'ct': 'depthwise_separable', 'res': False}, {'ch': 64, 'ly': 2, 'ks': 3, 'ct': 'standard', 'res': False}]"
198,9,0.5448,58987,121.5,"[{'ch': 64, 'ly': 2, 'ks': 3, 'ct': 'depthwise_separable', 'res': False}, {'ch': 32, 'ly': 1, 'ks': 5, 'ct': 'standard', 'res': True}]"
199,9,0.6504,63819,121.8,"[{'ch': 32, 'ly': 2, 'ks': 3, 'ct': 'depthwise_separable', 'res': True}, {'ch': 32, 'ly': 2, 'ks': 5, 'ct': 'standard', 'res': False}, {'ch': 32, 'ly': 1, 'ks': 3, 'ct': 'standard', 'res': True}]"
200,9,0.6594,48587,123.2,"[{'ch': 48, 'ly': 2, 'ks': 3, 'ct': 'depthwise_separable', 'res': True}, {'ch': 64, 'ly': 2, 'ks': 3, 'ct': 'depthwise_separable', 'res': True}, {'ch': 16, 'ly': 2, 'ks': 5, 'ct': 'standard', 'res': True}]"
